<?xml version="1.0" encoding="UTF-8"?>

<ValueSet xmlns="http://hl7.org/fhir">
  <id value="vs-food-allergy-clinstatus"/>
  <text>
    <status value="generated"/><div xmlns="http://www.w3.org/1999/xhtml"><ul><li>Include these codes as defined in <a href="http://www.snomed.org/"><code>http://snomed.info/sct</code></a><table class="none"><tr><td style="white-space:nowrap"><b>Code</b></td><td><b>Display</b></td></tr><tr><td><a href="http://snomed.info/id/723506003">723506003</a></td><td>Resolved</td></tr><tr><td><a href="http://snomed.info/id/55561003">55561003</a></td><td>Active</td></tr></table></li></ul></div>
  </text>
  <url value="https://costateixeira.github.io/costateixeira.fhir.allergy/ValueSet/vs-food-allergy-clinstatus"/>
  <version value="1.0.0"/>
  <name value="FoodAllergyClinicalStatusVS"/>
  <title value="Food Allergy clinical status"/>
  <status value="active"/>
  <date value="2022-09-30T12:54:22+00:00"/>
  <publisher value="costateixeira"/>
  <contact>
    <name value="costateixeira"/>
    <telecom>
      <system value="url"/>
      <value value="https://www.ehealth.fgov.be/standards/fhir"/>
    </telecom>
    <telecom>
      <system value="email"/>
      <value value="somewhere@gmail.com"/>
    </telecom>
  </contact>
  <contact>
    <name value="Message Structure eHealth"/>
    <telecom>
      <system value="email"/>
      <value value="somewhere@gmail.com"/>
      <use value="work"/>
    </telecom>
  </contact>
  <description value="Food Allergy clinical status."/>
  <jurisdiction>
    <coding>
      <system value="urn:iso:std:iso:3166"/>
      <code value="BE"/>
      <display value="Belgium"/>
    </coding>
  </jurisdiction>
  <compose>
    <include>
      <system value="http://snomed.info/sct"/>
      <concept>
        <code value="723506003"/>
        <display value="Resolved"/>
      </concept>
      <concept>
        <code value="55561003"/>
        <display value="Active"/>
      </concept>
    </include>
  </compose>
</ValueSet>