{"resourceType":"ValueSet","id":"vs-food-allergy-verifstatus","text":{"status":"generated","div":"<div xmlns=\"http://www.w3.org/1999/xhtml\"><ul><li>Include these codes as defined in <a href=\"http://www.snomed.org/\"><code>http://snomed.info/sct</code></a><table class=\"none\"><tr><td style=\"white-space:nowrap\"><b>Code</b></td><td><b>Display</b></td></tr><tr><td><a href=\"http://snomed.info/id/410605003\">410605003</a></td><td>Confirmed present</td></tr><tr><td><a href=\"http://snomed.info/id/415684004\">415684004</a></td><td>Suspected</td></tr></table></li></ul></div>"},"url":"https://costateixeira.github.io/FoodAllergy-Webinar/ValueSet/vs-food-allergy-verifstatus","version":"0.1.0-test","name":"FoodAllergyVerificationStatusVS","title":"Food Allergy verification status","status":"active","date":"2022-01-27T20:20:41+00:00","publisher":"Quality of Life Workgroup","contact":[{"telecom":[{"system":"url","value":"http://example.org/committees/qualityoflife"}]}],"description":"Food Allergy verification status.","jurisdiction":[{"coding":[{"system":"http://unstats.un.org/unsd/methods/m49/m49.htm","code":"001"}]}],"compose":{"include":[{"system":"http://snomed.info/sct","concept":[{"code":"410605003","display":"Confirmed present"},{"code":"415684004","display":"Suspected"}]}]}}