<?xml version="1.0" encoding="UTF-8"?>

<ValueSet xmlns="http://hl7.org/fhir">
  <id value="vs-food-allergy-verifstatus"/>
  <text>
    <status value="generated"/><div xmlns="http://www.w3.org/1999/xhtml"><ul><li>Include these codes as defined in <a href="http://www.snomed.org/"><code>http://snomed.info/sct</code></a><table class="none"><tr><td style="white-space:nowrap"><b>Code</b></td><td><b>Display</b></td></tr><tr><td><a href="http://snomed.info/id/410605003">410605003</a></td><td>Confirmed present</td></tr><tr><td><a href="http://snomed.info/id/415684004">415684004</a></td><td>Suspected</td></tr></table></li></ul></div>
  </text>
  <url value="https://costateixeira.github.io/FoodAllergy-Webinar/ValueSet/vs-food-allergy-verifstatus"/>
  <version value="0.1.0-test"/>
  <name value="FoodAllergyVerificationStatusVS"/>
  <title value="Food Allergy verification status"/>
  <status value="active"/>
  <date value="2022-01-12T01:30:01+00:00"/>
  <publisher value="Quality of Life Workgroup"/>
  <contact>
    <telecom>
      <system value="url"/>
      <value value="http://example.org/committees/qualityoflife"/>
    </telecom>
  </contact>
  <description value="Food Allergy verification status."/>
  <jurisdiction>
    <coding>
      <system value="http://unstats.un.org/unsd/methods/m49/m49.htm"/>
      <code value="001"/>
    </coding>
  </jurisdiction>
  <compose>
    <include>
      <system value="http://snomed.info/sct"/>
      <concept>
        <code value="410605003"/>
        <display value="Confirmed present"/>
      </concept>
      <concept>
        <code value="415684004"/>
        <display value="Suspected"/>
      </concept>
    </include>
  </compose>
</ValueSet>